year,acres,source_series
1988,23279,TBEP_State_of_the_Bay_subtidal_land_use
1990,25218,TBEP_State_of_the_Bay_subtidal_land_use
1992,25746,TBEP_State_of_the_Bay_subtidal_land_use
1994,26524,TBEP_State_of_the_Bay_subtidal_land_use
1996,26924,TBEP_State_of_the_Bay_subtidal_land_use
1999,24840,TBEP_State_of_the_Bay_subtidal_land_use
2001,26079,TBEP_State_of_the_Bay_subtidal_land_use
2004,27024,TBEP_State_of_the_Bay_subtidal_land_use
2006,28296,TBEP_State_of_the_Bay_subtidal_land_use
2008,29647,TBEP_State_of_the_Bay_subtidal_land_use
2010,32897,TBEP_State_of_the_Bay_subtidal_land_use
2012,34642,TBEP_State_of_the_Bay_subtidal_land_use
2014,40295,TBEP_State_of_the_Bay_subtidal_land_use
2016,41655,TBEP_State_of_the_Bay_subtidal_land_use
2018,40652,TBEP_State_of_the_Bay_subtidal_land_use
2020,34297,TBEP_State_of_the_Bay_subtidal_land_use
2022,30137,TBEP_State_of_the_Bay_subtidal_land_use
2024,31563,TBEP_State_of_the_Bay_subtidal_land_use
