node_id,water_body,historical_latest_year,historical_focal_frequency,positive_meter_marks,design_class,anchor1_site_m,anchor2_site_m,anchor3_site_m,historical_only,contemporaneous_eligibility
TBEP:seagrass:loc:S5T10,Boca Ciega Bay,2024,0.7619047619047619,16,three_spatial_anchors,50,80,120,TRUE,PENDING
TBEP:seagrass:loc:S5T11,Boca Ciega Bay,2025,0.1875,3,three_spatial_anchors,23,30,40,TRUE,PENDING
TBEP:seagrass:loc:S5T2,Boca Ciega Bay,2024,0.5,11,three_spatial_anchors,50,80,100,TRUE,PENDING
TBEP:seagrass:loc:S5T5,Boca Ciega Bay,2025,0.41379310344827586,12,three_spatial_anchors,140,170,200,TRUE,PENDING
TBEP:seagrass:loc:S5T6,Boca Ciega Bay,2024,0.16,4,three_spatial_anchors,80,83,100,TRUE,PENDING
TBEP:seagrass:loc:S5T7,Boca Ciega Bay,2025,0.9444444444444444,17,three_spatial_anchors,90,130,160,TRUE,PENDING
TBEP:seagrass:loc:S5T8,Boca Ciega Bay,2024,0.32,8,three_spatial_anchors,30,35,60,TRUE,PENDING
TBEP:seagrass:loc:S5T9,Boca Ciega Bay,2025,0.9642857142857143,27,three_spatial_anchors,150,325,430,TRUE,PENDING
TBEP:seagrass:loc:S4T1,Lower Tampa Bay,2025,0.38095238095238093,8,three_spatial_anchors,150,190,220,TRUE,PENDING
TBEP:seagrass:loc:S4T10,Lower Tampa Bay,2024,0.5,7,three_spatial_anchors,150,300,310,TRUE,PENDING
TBEP:seagrass:loc:S4T11,Lower Tampa Bay,2025,0.7647058823529411,13,three_spatial_anchors,80,110,140,TRUE,PENDING
TBEP:seagrass:loc:S4T12,Lower Tampa Bay,2025,0.3,6,three_spatial_anchors,150,175,225,TRUE,PENDING
TBEP:seagrass:loc:S4T13,Lower Tampa Bay,2025,0.09090909090909091,1,single_mark_three_offsets,20,20,20,TRUE,PENDING
TBEP:seagrass:loc:S4T14,Lower Tampa Bay,2024,0.5714285714285714,4,three_spatial_anchors,60,70,80,TRUE,PENDING
TBEP:seagrass:loc:S4T15,Lower Tampa Bay,2025,0.4117647058823529,7,three_spatial_anchors,100,120,130,TRUE,PENDING
TBEP:seagrass:loc:S4T2,Lower Tampa Bay,2024,0.6363636363636364,7,three_spatial_anchors,50,100,125,TRUE,PENDING
TBEP:seagrass:loc:S4T3,Lower Tampa Bay,2025,0.38461538461538464,5,three_spatial_anchors,40,50,60,TRUE,PENDING
TBEP:seagrass:loc:S4T4,Lower Tampa Bay,2024,0.46153846153846156,6,three_spatial_anchors,100,150,250,TRUE,PENDING
TBEP:seagrass:loc:S4T5,Lower Tampa Bay,2025,0.8260869565217391,19,three_spatial_anchors,300,520,560,TRUE,PENDING
TBEP:seagrass:loc:S4T6,Lower Tampa Bay,2024,0.5454545454545454,6,three_spatial_anchors,100,150,250,TRUE,PENDING
TBEP:seagrass:loc:S4T7,Lower Tampa Bay,2025,0.35714285714285715,5,three_spatial_anchors,40,50,60,TRUE,PENDING
TBEP:seagrass:loc:S4T9,Lower Tampa Bay,2025,0.25,2,two_marks_one_replicated_anchor,40,45,40,TRUE,PENDING
TBEP:seagrass:loc:S3T1,Middle Tampa Bay,2025,0.025,1,single_mark_three_offsets,600,600,600,TRUE,PENDING
TBEP:seagrass:loc:S3T11,Middle Tampa Bay,2025,0.26,13,three_spatial_anchors,150,650,925,TRUE,PENDING
TBEP:seagrass:loc:S3T12,Middle Tampa Bay,2025,0.09523809523809523,4,three_spatial_anchors,400,525,650,TRUE,PENDING
TBEP:seagrass:loc:S3T13,Middle Tampa Bay,2025,0.2033898305084746,12,three_spatial_anchors,275,325,425,TRUE,PENDING
TBEP:seagrass:loc:S3T3,Middle Tampa Bay,2025,0.3333333333333333,8,three_spatial_anchors,75,100,200,TRUE,PENDING
TBEP:seagrass:loc:S3T4,Middle Tampa Bay,2025,0.3333333333333333,4,three_spatial_anchors,50,75,25,TRUE,PENDING
TBEP:seagrass:loc:S3T5,Middle Tampa Bay,2025,0.4864864864864865,18,three_spatial_anchors,250,450,600,TRUE,PENDING
TBEP:seagrass:loc:S3T6,Middle Tampa Bay,2025,0.27586206896551724,8,three_spatial_anchors,75,225,275,TRUE,PENDING
TBEP:seagrass:loc:S3T7,Middle Tampa Bay,2025,0.48148148148148145,13,three_spatial_anchors,200,275,360,TRUE,PENDING
TBEP:seagrass:loc:S3T8,Middle Tampa Bay,2025,0.0967741935483871,3,three_spatial_anchors,100,190,200,TRUE,PENDING
TBEP:seagrass:loc:S3T9,Middle Tampa Bay,2025,0.125,4,three_spatial_anchors,470,475,490,TRUE,PENDING
TBEP:seagrass:loc:S1T14,Old Tampa Bay,2025,0.42857142857142855,15,three_spatial_anchors,61,200,275,TRUE,PENDING
TBEP:seagrass:loc:S1T15,Old Tampa Bay,2025,0.4,14,three_spatial_anchors,200,268,450,TRUE,PENDING
TBEP:seagrass:loc:S1T16,Old Tampa Bay,2025,0.2391304347826087,11,three_spatial_anchors,467,550,675,TRUE,PENDING
TBEP:seagrass:loc:S1T5,Old Tampa Bay,2025,0.6190476190476191,13,three_spatial_anchors,225,300,400,TRUE,PENDING
TBEP:seagrass:loc:S1T6,Old Tampa Bay,2025,0.6296296296296297,17,three_spatial_anchors,100,200,370,TRUE,PENDING
TBEP:seagrass:loc:S1T8,Old Tampa Bay,2025,0.4666666666666667,7,three_spatial_anchors,25,75,100,TRUE,PENDING
TBEP:seagrass:loc:S1T9,Old Tampa Bay,2025,0.15,6,three_spatial_anchors,79,100,425,TRUE,PENDING
TBEP:seagrass:loc:S3T10,Old Tampa Bay,2025,0.2608695652173913,12,three_spatial_anchors,500,650,850,TRUE,PENDING
