nearest_fixed_node,logger_year,logger_site,logger_id,yr_site_logger,deploy_date,nearest_distance_km,logger_stratum,logger_depth_m
TBEP:seagrass:loc:S1T10,2026,2SWB2,7775,2026_2SWB2_7775,2026-06-15,0.4393289708070279,BARE,1.2
TBEP:seagrass:loc:S1T11,2026,5CWB1,7776,2026_5CWB1_7776,2026-08-12,0.46114018662174244,BARE,1.2
TBEP:seagrass:loc:S1T14,2026,2SWS1,7780,2026_2SWS1_7780,2026-06-15,0.20347449244367624,SEAGRASS,1.2
TBEP:seagrass:loc:S1T14,2026,5SWS1,7780,2026_5SWS1_7780,2026-08-12,0.686270,SEAGRASS,0.9
TBEP:seagrass:loc:S1T15,2026,2SES2,9286,2026_2SES2_9286,2026-06-15,0.790769,SEAGRASS,1.2
TBEP:seagrass:loc:S1T16,2026,2CWB1,66,2026_2CWB1_0066,2026-06-15,0.970725256713053,BARE,1.2
TBEP:seagrass:loc:S1T16,2026,5SWS3,9286,2026_5SWS3_9286,2026-08-12,0.8368931918984566,SEAGRASS,0.9
TBEP:seagrass:loc:S1T5,2026,2NES3,7776,2026_2NES3_7776,2026-06-15,0.848661,SEAGRASS,1.0
TBEP:seagrass:loc:S1T5,2026,5CES2,66,2026_5CES2_0066,2026-08-12,0.335321798671034,SEAGRASS,1.0
